Palabra;Pronun;Significado;id
a;eɪ;una,uno, un;920
a ;eɪ ;una,uno,un;1463
able;(éibEl);	Hábil, capaz;2
about;(abáut)  ;	Acerca de, alrededor;3
about ;əˈbaʊt ;sobre ,acerca;1464
above;əˈbʌv;arriba;921
above ;əˈbʌv ;sobre ,encima;1465
account;(acáunt)  ;	Cuenta, relación, informe;4
acid;(ásid)  ;	Ácido, agrio;5
across;(acrós)  ;	A través de;6
act;( akt) ;	Hecho, acción, acto;7
act ;ækt ;actuar ;1466
action;ˈækʃən;acción;922
actually;ˈækʧuəli;de hecho;923
add;æd;agregar;924
add ;æd ;añadir ;1467
addition;(adiSHon)  ;	Suma, adición;8
adjective;ˈæʤɪktɪv;adjetivo;925
adjustmen;(ad-yástmEnt)  ;	Ajuste, ajustamiento ;9
advertisement;(ud-véeRtizmEnt)  ;	Aviso, anuncio, publicidad ;10
afraid;əˈfreɪd;asustado;926
africa;ˈæfrəkə;África;927
after;(áafteR)  ;	Después de, detrás de;11
after ;ˈæftər ;después de ;1468
afternoon;ˌæftərˈnun;tarde;928
again;(aguéin)  ;	De nuevo, otra vez;12
again ;əˈɡɛn ;de nuevo ;1469
against;əˈɡɛnst;contra;929
against ;əˈɡɛnst ;contra ;1470
agaisnt;(aguéinst)  ;	Contra, en contra de;13
age;eɪʤ;edad;930
age ;eɪʤ ;edad ;1471
ago;əˈɡoʊ;atrás;931
ago ;əˈɡoʊ ;hace ;1472
agreed;əˈɡrid;acordado;932
agreement;(agríimEnt)  ;	Conformidad, contrato, pacto;14
ahead;əˈhɛd;adelante;933
air;(éaR)  ;	Aire;15
air ;ɛr ;aire ;1473
all;(óol)  ;	Todo, toda, todos, todas;16
all ;ɔl ;todo ;1474
allow;əˈlaʊ;permitir;934
almost;(óolmoUst)  ;	Casi;17
alone;əˈloʊn;solo;935
along;əˈlɔŋ;a lo largo de;936
already;ɔlˈrɛdi;ya;937
also;ˈɔlsoʊ;también;938
also ;ˈɔlsoʊ ;también ;1475
although;ˌɔlˈðoʊ;a pesar de;939
always;ˈɔlˌweɪz;siempre;940
always ;ˈɔlˌweɪz ;siempre ;1476
am;æm;soy;941
america;əˈmɛrəkə;America;942
among;(amáng)  ;	Entre, en medio de;18
amount;(amáunt)  ;	Cantidad;19
amusement;(amiúuzmEnt)  ;	Entretenimiento, diversión;20
an;(an)  ;	Un, una;1
an ;æn ;un ;1477
and;(and)  ;	Y;21
and ;ænd ;y ;1478
angle;(ánG-guel)  ;	Angulo;22
angry;(ánG-gri)  ;	Enojado, irritado, enfadado;23
animal;(ánimal)  ;	Animal;24
animal ;ˈænəməl ;animal ;1479
another;(anáDZar) anádaR) ;	Otro, otra;25
answer;(ing-ed) áanseR) ;	Contestación, respuesta ;26
answer ;ˈænsər ;responder ;1480
ant;(ant)  ;	Hormiga;27
any;(éni)  ;	Alguno, alguna, cualquiera;28
any ;ˈɛni ;cualquier ;1481
anything;ˈɛniˌθɪŋ;cualquier cosa;943
apparatus;(aparéitUs)  ;	Aparato;29
appear;əˈpɪr;aparecer;944
appear ;əˈpɪr ;aparecen ;1482
apple;(ápEL)  ;	Manzana;31
approval;(aprúuvAL)  ;	Aprobación;32
april;(éepril)  ;	Abril;30
arch;(aaAch)  ;	Arco;33
are;ɑr;son;945
area;ˈɛriə;área;946
area ;ˈɛriə ;zona ;1483
argument;(áaAguiumEnt)  ;	Argumento;34
arm;(ing-ed) aaRm) ;	Brazo, arma;35
arms;ɑrmz;brazos;947
army;(áaRmy)  ;	Ejército;36
around;əˈraʊnd;alrededor;948
arrived;əˈraɪvd;llegó;949
art;(aaRt)  ;	Arte;37
as;(az)  ;	Como, tan;38
as ;æz ;como ;1484
ask;æsk;preguntar;950
ask ;æsk ;pregunte a ;1485
at;(at)  ;	En, a;39
at ;æt ;en ;1486
attack;(ing-ed) aták) ;	Ataque, agresión;40
attempt;(ing-ed) atémpt) ;	Prueba, tentativa, ensayo ;41
attention;(aténSHon)  ;	Atención;42
attraction;(atrák-Shon)  ;	Atracción;43
august;(óoguest)  ;	Agosto;44
authority;(oozóriti)  ;	Autoridad ;45
automatic;(un-) ootomátik) ;	Automático ;46
awake;(awéik)  (auéik) ;	Despierto;47
away;(awéi)  (auéi) ;	Lejos, ausente, afuera;48
baby;(béibi)  ;	Nené;49
back;(er-ing-ed)  (bak) ;	Espalda, parte posterior;50
back ;bæk ;atrás ;1487
bad;(bad)  ;	Malo, mala, malas, mal;51
bag;(bag)  ;	Saco, bolsa;52
balance;(bálanz)  ;	Balanza, equilibrio, balance;53
ball;(bool)  ;	Pelota, globo, baile;54
band;(ing-ed)  band) ;	Venda, banda;56
bank;bæŋk;banco;951
base;(ing-ed) beis) ;	Base, pedestal;55
base ;beɪs ;base ;1488
basin;(béisn)  béisEn) ;	Palangana, lavatorio;57
basket;(báasket)  ;	Canasto;58
bath;(er-ing-ed)  baaz) ;	Baño;59
be;(bíi)  ;	Ser o estar;60
bear;bɛr;oso;952
beat;bit;derrotar;953
beautiful;(biútiful)  ;	Hermoso, bello;61
beauty ;ˈbjuti ;belleza ;1489
became;bɪˈkeɪm;convertirse;954
because;(bicóoz)  ;	Porque;62
become;bɪˈkʌm;convertirse;955
bed;(bed)  ;	Cama;63
bed ;bɛd ;cama ;1490
bee;(bii)  ;	Abeja;64
been;bɪn;estado;956
before;(bifóoR)  ;	Antes, delante de;65
before ;bɪˈfɔr ;antes ;1491
began;bɪˈɡæn;comenzó;957
began ;bɪˈɡæn ;comenzó ;1492
begin;bɪˈɡɪn;comenzar;958
behaviour;(bijéiviAR)  ;	Conducta, comportamiento;66
behind;bɪˈhaɪnd;detrás;959
behind ;bɪˈhaɪnd ;detrás ;1493
being;ˈbiɪŋ;ser;960
belief;(bilíif)  ;	Creencia, fe, opinión;67
believe;bɪˈliv;creer;961
bell;(bel)  ;	Campana;68
belong;bɪˈlɔŋ;pertenecer;962
below;bɪˈloʊ;abajo;963
bent;(un-)  bent) ;	Encorvado, doblado;69
berry;(bérri)  ;	Mora, frambuesa, baya;70
beside;bɪˈsaɪd;al lado de;964
best;(best)  ;	Lo mejor, el mejor;71
best ;bɛst ;mejor ;1494
better;(béter)  ;	Mejor;72
better ;ˈbɛtər ;mejor ;1495
between;(bituíin)  ;	Entre;73
between ;bɪˈtwin ;entre ;1496
big;bɪɡ;grande;965
big ;bɪɡ ;grande ;1497
bill;bɪl;factura;966
bird;(beeRd)  ;	Pájaro;74
bird ;bɜrd ;pájaro ;1498
birds;bɜrdz;aves;967
birth;(beeRz)  ;	Nacimiento;75
bit;(bit)  ;	Pedazo, trozo;76
bite;(báit)  ;	Mordisco, mordedura, bocado;77
bitter;(bíteR)  ;	Amargo;78
black;(blak)  ;	Negro;79
black ;blæk ;negro ;1499
blade;(bléid)  ;	Hoja, la parte cortante de tijeras, cortaplumas, etc;80
block;blɑk;bloquear;968
blood;(blad)  ;	Sangre;81
blow;(bloU)  ;	Golpe;82
blue;(bluu)  ;	Azul;83
blue ;blu ;azul ;1500
board;(booRd)  ;	Tabla, pensión;84
boat;(boUt)  ;	Bote;85
boat ;boʊt ;barco ;1501
body;(bódi)  ;	Cuerpo;86
body ;ˈbɑdi ;cuerpo ;1502
boiling;(bóiling)  ;	Hirviendo;87
bone;(boUn)  ;	Hueso;88
bones;boʊnz;huesos;969
book;(búk)  ;	Libro;89
book ;bʊk ;libro ;1503
boot;(buut)  ;	Bota;90
born;bɔrn;nacido;970
both;boʊθ;ambos;971
both ;boʊθ ;ambos ;1504
bottle;(-r, bottling, -d)  (bótEL); Botella;91
bottom;ˈbɑtəm;abajo;972
bought;bɑt;compró;973
box;(-er,-ing,-ed)  box) ;	Caja, boxeo(deporte;92
box ;bɑks ;caja ;1505
boy;(boi)  ;	Niño;93
boy ;bɔɪ ;chico ;1506
brain;(brein)  ;	Cerebro;94
brake;(breik)  ;	Freno, palanca;95
branch;(braanch)  ;	Rama, sucursal;96
branches;ˈbrænʧəz;sucursales;974
brass;(braas)  ;	Bronce;97
bread;(bred)  ;	Pan;98
break;breɪk;romper;975
breath;(er-ing-ed) ( brez) ;	Respiración, aliento ;99
brick;(brik)  ;	Ladrillo;100
bridge;(bri@) ( bri-y) ;	Puente;101
bright;(brait)  ;	Brillante, claro, ingenioso;102
bring;brɪŋ;traer;976
British;ˈbrɪtɪʃ;británico;977
broken;( bróUkEn) ;	Quebrado, roto;103
brother;(bráDZeR)  (brádeR) ;	Hermano;104
brought;brɔt;trajo;978
brought ;brɔt ;traído ;1507
brown;(braun)  ;	Moreno, castaño;105
brush;(er-ing-ed) ( bráSH) ;	Escobilla, cepillo, pincel ;106
bucket;(bákEt)  ;	Balde, cubo;107
build;bɪld;construir;979
build ;bɪld ;construir ;1508
builder;(bíldeR)  ;	Constructor;109
building;(bilding)  ;	Edificio;108
built;bɪlt;construido;980
bulb;(balb)  ;	Ampolleta, bulbo;110
burn;(er-ing-ed)  (beeRn) ;	Quemadura;111
burning;ˈbɜrnɪŋ;incendio;981
burst;(beeRst)  ;	Explosión, reventón, estallido;112
business;(bis-nEs)  ;	Negocio, ocupación;113
busy ;ˈbɪzi ;ocupado ;1509
but;(bat)  ;	Pero, excepto, no obstante;114
but ;bʌt ;pero ;1510
butter;(báteR)  ;	Mantequilla ;115
button;(ing-ed)  bátn)  (bátOn);Botón;116
buy;baɪ;comprar;982
by;(bai)  ;	Por, cerca de, al lado de;117
by ;baɪ ;por ;1511
cake;(quéik)  ;	Torta;118
call;kɔl;llamar;983
call ;kɔl ;llamada ;1512
came;keɪm;vino;984
came ;keɪm ;vino ;1513
camera;(cámera)  ;	Cámara fotográfica;119
can;kæn;poder;985
can /could ;kæn /kʊd ;puede /podía ;1514
can’t;kænt;no poder;986
cannot;ˈkænɑt;no puedo;987
canvas;(cánvas)  ;	Lona, vela de buque;120
capital;ˈkæpətəl;capital;988
captain;ˈkæptən;capitán;989
car;kɑr;auto;990
car ;kɑr ;coche ;1515
card;(caaRd)  ;	Tarjeta, naipe;121
care;(queAr)  ;	Cuidado, cautela ;122
care ;kɛr ;cuidado ;1516
carefully;ˈkɛrfəli;con cuidado;991
carriage;(cárri@)  (cárrid-y) ;	Carruaje, coche ;123
carry;ˈkæri;llevar;992
carry ;ˈkæri ;llevar ;1517
cart;(caaRt)  ;	Carretón;124
case;keɪs;caso;993
cat;(cat)  ;	Gato;125
catch;kæʧ;atrapar;994
cattle;ˈkætəl;ganado;995
caught;kɑt;atrapó;996
cause;( -r-causing-d)  (cóoz);	Causa, origen ;126
cause ;kɑz ;causa ;1518
cells;sɛlz;células;997
center;ˈsɛntər;centro;998
center ;ˈsɛntər ;centro ;1519
cents;sɛnts;centavos;999
century;ˈsɛnʧəri;siglo;1000
certain;(sétRtEn) ;	Cierto, seguro;127
certain ;ˈsɜrtən ;cierto ;1520
chain;(ing-ed)  (chein) ;	Cadena;128
chalk;(chook)  ;	Tiza, greda;129
chance;(chaans)  ;	Oportunidad, suerte, posibilidad, casualidad;130
change;(chein@)  (chein-y) ;	Cambio;131
change ;ʧeɪnʤ ;cambiar ;1521
chart;ʧɑrt;cuadro;1001
cheap;(chiip)  ;	Barato, común, vulgar;132
check;ʧɛk;controlar;1002
check ;ʧɛk ;comprobar ;1522
cheese;(chíiz)  ;	Queso;133
chemical;(quémicAl)  ;	Químico;134
chest;(chest)  ;	Pecho, arca, cofre;135
chief;(chiif)  ;	Principal, jefe;136
child;ʧaɪld;niño;1003
children;ˈʧɪldrən;niños;1004
children ;ˈʧɪldrən ;niños ;1523
chin;(chin)  ;	Barba, mentón ;137
choose;ʧuz;elegir;1005
church;(cheeRch)  (chéeRchE) ;	Iglesia ;138
circle;(seeRk-l)  (séeRquEL) ;	Círculo;139
city;ˈsɪti;ciudad;1006
city ;ˈsɪti ;ciudad ;1524
class;klæs;clase;1007
class ;klæs ;clase ;1525
clean;(er-ing-ed)  (clíin) ;	Limpio;140
clear;( un-) ( cliiAr);	Claro;141
clear ;klɪr ;borrar ;1526
climbed;klaɪmd;escalado;1008
clock;(clok)  ;	Reloj de pared;142
close;kloʊs;cerca;1009
close ;kloʊs ;cerrar ;1527
cloth;(cloz)  ;	Tela, paño, lienzo;143
clothes;kloʊðz;ropa;1010
cloud;(claud)  ;	Nube;144
coal;(coUL)  ;	Carbón;145
coast;koʊst;costa;1011
coat;(coUT)  ;	Chaqueta;146
cold;(coUld)  ;	Frio, resfriado;147
collar;(cólAR)  ;	Collar, cuello de camisa;148
color;ˈkʌlər;color;1012
color ;ˈkʌlər ;color ;1528
colour;(ing- ed)  (cólAR) ;	Color;149
column;ˈkɑləm;columna;1013
comb;(ing-ed)  (coUm) ;	Peineta, peine;150
come;(cam)  ;	Venir, llegar;151
comfort;(er-ing-ed)  (cámfoRt) ;	Comodidad, confort ;152
commitee;(comíti)  ;	Comité;153
common;( un-) (CómoOn);	Común, ordinario, vulgar;154
common ;ˈkɑmən ;común ;1529
company;(cámpani)  ;	Compañía, sociedad;155
compare;kəmˈpɛr;comparar;1014
comparision;(compáriSon)  ;	Comparación;156
competition;(competíSHon)  ;	Competencia;157
complete;compliit) ;	Completo;158
complete ;kəmˈplit ;completo ;1530
complex;cómplex) ;	Complicado;159
compound;ˈkɑmpaʊnd;compuesto;1015
condition;(condiSHon)  ;	Condición, requisito;160
conditions;kənˈdɪʃənz;condiciones;1016
connection;(conék-Shon)  ;	Conexión, enlace;161
conscious;cónSHos) ;	Consciente;162
consider;kənˈsɪdər;considerar;1017
consonant;ˈkɑnsənənt;consonante;1018
contain;kənˈteɪn;contener;1019
contain ;kənˈteɪn ;contener ;1531
continued;kənˈtɪnjud;continuado;1020
control;(-ler-ling-led) (contróUl);  Control;163
cook;(-ing-ed)  (cuk) ;	Cocinero, cocinera;164
cool;kul;Frío;1021
copper;(cópEr)  ;	Cobre;165
copy;(copier-copied)  (cópi) ;	Copia;166
cord;(cooRd)  ;	Cuerda, cordel;167
cork;(cooRk)  ;	Corcho;168
corn;kɔrn;maíz;1022
corner;ˈkɔrnər;esquina;1023
correct;kəˈrɛkt;correcto;1024
correctable ;kəˈrɛktəbᵊl ;corregible ;1532
cost;kɑst;costo;1025
cotton;(cotOn)  ;	Algodón;169
cough;(-ing-ed)  (cof) ;	Tos;170
could;kʊd;podría;1026
couldn’t;ˈkʊdənt;no pude;1027
count;kaʊnt;contar;1028
country;(cántri)  ;	País, campo, nación;171
country ;ˈkʌntri ;país ;1533
course;kɔrs;curso;1029
course ;kɔrs ;curso ;1534
cover;(ing-ed) ( cóvEr) ;	Cubierta, tapa;172
covered;ˈkʌvərd;cubierto;1030
cow;(cau)  ;	Vaca;173
cows;kaʊz;vacas;1031
crack;(crak)  ;	Estallido, trizadura ;174
create;kriˈeɪt;crear;1032
credit;(0r-ing-ed)  (crédit) ;	Crédito;175
cried;kraɪd;llorado;1033
crime;(craim)  ;	Crimen;176
crops;krɑps;cultivos;1034
cross;krɔs;cruz;1035
cross ;krɔs ;cruzar ;1535
crowd;kraʊd;multitud;1036
cruel;(crúel)  ;	Cruel;177
crush;(er-ing-ed)  (craSH) ;	Aplastamiento, aglomeración ;178
cry;(ing-cried)  (crai) ;	Grito;179
cry ;kraɪ ;llorar ;1536
cup;(cap)  ;	Taza;180
current;(cárrent)  ;	Corriente;181
curtain;(quéeRtEn)  ;	Cortina;182
curve;(curving-d)  (queeRv) ;	Curva;183
cushion;(cúSHon)  ;	Cojín, almohadilla;184
cut;(cat)  ;	Cortadura;185
cut ;kʌt ;corte ;1537
damage;(damia@)  (dami-y) ;	Daño, perjuicio;186
dance;dæns;bailar;1037
danger;(déinyeR)  ;	Peligro;187
dark;(daaRk)  ;	Oscuro, oscuridad;188
dark ;dɑrk ;oscuro ;1538
daughter;(dóoteR)  ;	Hija;189
day;(dei)  ;	Dia;190
day ;deɪ ;día ;1539
dead;(ded)  ;	Muerto;191
deal;dil;trato;1038
dear;(diaR)  ;	Querido, caro;192
death;(dez)  ;	Muerte;193
debt;(det)  ;	Deuda;194
december;(disémbeR)  ;	Diciembre;195
decide ;ˌdɪˈsaɪd ;decidir ;1540
decided;ˌdɪˈsaɪdɪd;decidido;1039
decimal;ˈdɛsəməl;decimal;1040
decision;(disíSHon)  ;	Decisión;196
deep;(diip)  ;	Profundo, hondo, intenso;197
deep ;dip ;profundo ;1541
degree;(digríi)  ;	Grado;198
delicate;(déliquet)  ;	Delicado;199
dependent;(dipéndent)  ;	Dependiente, subalterno;200
describe;dɪˈskraɪb;describir;1041
desert;ˈdɛzɜrt;desierto;1042
design;(er-ing-ed)  (dizaín) ;	Diseño, dibujo ;201
desire;(desiring-d)  (dizáieR) ;	Deseo;202
destruction;(distrák-SHn)  ;	Destrucción, ruina ;203
detail;(ing-ed)  (ditéil) ;	Detalle;204
details;dɪˈteɪlz;detalles;1043
determine;dəˈtɜrmən;determinar;1044
develop ;dɪˈvɛləp ;desarrollar ;1542
developed;dɪˈvɛləpt;desarrollado;1045
development;(divélopmEnt)  ;	Desarrollo;205
dictionary;ˈdɪkʃəˌnɛri;diccionario;1046
did;dɪd;hizo;1047
did ;dɪd ;hizo ;1543
didn’t;ˈdɪdənt;no;1048
died;daɪd;fallecido;1049
differ ;ˈdɪfər ;diferir ;1544
difference;ˈdɪfərəns;diferencia;1050
different;(diferEnt)  ;	Diferente, diverso;206
difficult;ˈdɪfəkəlt;difícil;1051
digestion;(diyés-Shon)  ;	Digestión;207
dillars;dillars;dólares;1052
direct;dəˈrɛkt;directo;1053
direct ;dəˈrɛkt ;directo ;1545
direction;(dirék-Shon)  ;	Dirección;208
dirty;(deeRti)  ;	Sucio;209
discovered;dɪˈskʌvərd;descubierto;1054
discovery;(dis-cáveri)  ;	Descubriniento;210
discussion;(dis-cáSHon)  ;	Discusión;211
disease;(dizíiz)  ;	Enfermedad;212
disgust;(in-ed) ( disgást) ;	Disgusto, enojo, adversión ;213
distance;(distans)  ;	Distancia;214
distribution;(distri-biúuSHon)  ;	Distribución ;215
divided;dɪˈvaɪdəd;dividido;1055
division;(divíSHon)  ;	División;216
do;(duu)  ;	Hacer, ejecutar,obrar;217
doctor;ˈdɑktər;doctor;1056
does;dʌz;hace;1057
doesn’t;ˈdʌzənt;no;1058
dog;(dog)  ;	Perro;218
dog ;dɔɡ ;perro ;1546
don’t;doʊnt;no;1059
done;dʌn;hecho;1060
done ;dʌn ;hecho ;1547
door;(dooR)  ;	Puerta;219
door ;dɔr ;puerta ;1548
doubt;(ing-ed)  (daut) ;	Duda;220
down;(daun)  ;	Abajo, en la parte inferior;221
down ;daʊn ;abajo ;1549
drain;(drein)  ;	Zanja, drenaje;222
draw;drɔ;dibujar;1061
draw ;drɔ ;dibujar ;1550
drawer;(drooR)  ;	Cajón;223
drawing;ˈdrɔɪŋ;dibujo;1062
dress;(ing-ed)  (dres) ;	Vestido, traje;224
drink;(drinG-k)  ;	Bebida;225
drive;draɪv;conducir;1063
drive ;draɪv ;conducir ;1551
driver;(dráiver)  ;	Conductor, chofer;226
driving;(dráivinG)  ;	Manejando, conduciendo;227
drop;(drop)  ;	Gota;228
dry;(drier-drying)  (drai) ;	Seco, árido;229
dry ;draɪ ;seco ;1552
during;ˈdʊrɪŋ;durante;1064
during ;ˈdʊrɪŋ ;durante ;1553
dust;(dast)  ;	polvo;230
dy;dy;dy;1065
each;iʧ;cada;1066
each ;iʧ ;cada ;1554
ear;(iaR)  ;	Oreja;231
early;(éeRli)  ;	Temprano;232
ears;ɪrz;orejas;1067
earth;(éeRz)  ;	Tierra;233
earth ;ɜrθ ;tierra ;1555
ease ;iz ;facilidad ;1556
east;(iist)  ;	Este, oriental, del este;234
east ;ist ;este ;1557
easy;ˈizi;fácil;1068
eat;it;comer;1069
eat ;it ;comer ;1558
edge;(de@)  (de-y) ;	Orilla, filo, borde;235
edutation;(ediuquéiSHon)  ;	Educación;236
effect;(ing-ed)  (ifékt) ;	Efecto;237
egg;(eg)  ;	Huevo;238
eggs;ɛɡz;huevos;1070
eight;eɪt;ocho;1071
either;ˈiðər;cualquiera;1072
elastic;(ilástik)  ;	Elástico;239
electric;(ilék-trik)  ;	Eléctrico;240
elements;ˈɛləmənts;elementos;1073
else;ɛls;demás;1074
end;(ing-ed)  (end) ;	Fin, término, conclusión;241
end ;ɛnd ;fin ;1559
energy;ˈɛnərʤi;energía;1075
engine;(ényin)  ;	Máquina, motor;242
England;ˈɪŋɡlənd;Inglaterra;1076
English;ˈɪŋɡlɪʃ;Inglés;1077
enjoy;ɛnˈʤɔɪ;disfrutar;1078
enough;(ináf)  ;	bastante;243
enough ;ɪˈnʌf ;suficiente ;1560
entered;ˈɛntərd;ingresó;1079
entire;ɪnˈtaɪər;completo;1080
equal;(un)  (íicuAl) ;	Igual, semejante;244
equation;ɪˈkweɪʒən;ecuación;1081
error;(érrOr)  ;	Error, equivocación;245
especially;əˈspɛʃli;especialmente;1082
Europe;ˈjʊrəp;Europa;1083
even;(íivEn)  ;	Aún, no obstante, llano, liso, uniforme;246
even ;ˈivɪn ;incluso ;1561
evening;ˈivnɪŋ;noche;1084
event;(ivént)  ;	Acontecimiento, evento;247
ever;(éveR)  ;	Siempre, eternamente;248
every;(évEri)  ;	Cada, cada uno;249
every ;ˈɛvəri ;cada ;1562
everyone;ˈɛvriˌwʌn;todos;1085
everything;ˈɛvriˌθɪŋ;todo;1086
exactly;ɪɡˈzæktli;exactamente;1087
example;(ig-záampEL)  ;	Ejemplo ;250
example ;ɪɡˈzæmpəl ;ejemplo ;1563
except;ɪkˈsɛpt;excepto;1088
exchange;(exchéin@) (exchéin-y) ;	Cambio ;251
exciting;ɪkˈsaɪtɪŋ;emocionante;1089
exercise;ˈɛksərˌsaɪz;ejercicio;1090
existence;(egzistens)  ;	Existencia;252
expansion;(expan-Shon)  ;	Expansión;253
expect;ɪkˈspɛkt;esperar;1091
experience;(expíErien)  ;	Experiencia;254
experienced;ɪkˈspɪriənst;experimentado;1092
experiment;ɪkˈspɛrəmənt;experimento;1093
expert;(éxpeeRt)  ;	Experto;255
explain;ɪkˈspleɪn;explicar;1094
express;ɪkˈsprɛs;expresar;1095
eye;(ái)  ;	ojo;256
eye ;aɪ ;ojo ;1564
face;(facing-d)  (feis0 ; (feis0	Cara, rostro;257
face ;feɪs ;cara ;1565
fact;(fact)  ;	Hecho;258
fact ;fækt ;hecho ;1566
factories;ˈfæktəriz;fábricas;1096
factors;ˈfæktərz;factores;1097
fair;fɛr;justo;1098
fall;(fool)  ;	Caída, otoño, catarata;259
fall ;fɔl ;caída ;1567
false;(fools)  ;	Falso;260
family;(fámili)  ;	Familia;261
family ;ˈfæməli ;familia ;1568
famous;ˈfeɪməs;famoso;1099
far;(faaR)  ;	Lejos;262
far ;fɑr ;lejos ;1569
far ;fɑr ;lejos ;1570
farm;( er)  (faaRm);	Hacienda, estancia ;263
farm ;fɑrm ;granja ;1571
farmers;ˈfɑrmərz;agricultores;1100
farther;(fáaR-DzeR) (fáaRdeR) ;	Más lejos;264
farthest;(fáaR-Dzist) (fáaRdist) ;	El más lejos, lo más lejos ;265
fast;fæst;rápido;1101
fast ;fæst ;rápido ;1572
fat;(fat)  ;	Gordo, grueso, grasa;266
father;(fáaDZeR) (fáadeR) ;	Padre;267
fear;(ing-ed)  (fiAR) ;	Miedo, temor;268
feather;(féDZer) (féder) ;	Pluma, plumaje;269
february;(fébruari)  ;	Febrero;270
feeble;(fíibEl)  ;	Débil, ineficaz;271
feel;fil;sentir;1102
feel ;fil ;sentir ;1573
feeling;(fíiling)  ;	Sentimiento, sensación;272
feet;fit;pies;1103
feet ;fit ;pies ;1574
fell;fɛl;cayó;1104
felt;fɛlt;sintió;1105
female;(fíimeil)  ;	Femenino, hembra;273
fertile;(fáaRtail)  ;	Fértil, fecundo;274
few;fju;pocos;1106
few ;fju ;pocos ;1575
fiction;(fik-Shon)  ;	Ficción, cuento, imaginario;275
field;(fíild)  ;	Campo;276
fig;fɪɡ;higo;1107
fight;(faitq)  ;	Pelea, combate, batalla;277
figure;ˈfɪɡjər;cifra;1108
figure ;ˈfɪɡjər ;figura ;1576
file ;faɪl ;archivo ;1577
fill ;fɪl ;llenar ;1578
filled;fɪld;completado;1109
final ;ˈfaɪnəl ;final ;1579
finally;ˈfaɪnəli;finalmente;1110
find;faɪnd;encontrar;1111
find ;faɪnd ;encontrar ;1580
fine;faɪn;bien;1112
fine ;faɪn ;fino ;1581
finger;(finG-gueR)  ;	Dedo;278
fingers;ˈfɪŋɡərz;dedos;1113
finished;ˈfɪnɪʃt;finalizado;1114
fire;(firing-fired)  (fáiaR) ;	Incendio, fuego ;279
fire ;ˈfaɪər ;fuego ;1582
first;(feeRst)  ;	Primero;280
first ;fɜrst ;primero ;1583
fish;(er-ing-ed)  (fiSH) ;	Pescado, pez;281
fish ;fɪʃ ;pescado ;1584
fit;fɪt;adaptar;1115
five;faɪv;cinco;1116
five ;faɪv ;cinco ;1585
fixed;(un-) fikst) ;	Fijo, estable, permanente;282
flag;(flag)  ;	Bandera;283
flame;(fleim)  ;	Llama, llamarada;284
flat;(flat)  ;	Plano, llanura, liso;285
flight;(flait)  ;	Vuelo, fuga, huida;286
floor;(floor)  ;	Piso, suelo, pavimento;287
flow;floʊ;fluir;1117
flower;(ing-ed)  (fláueR) ;	Flor;288
flowers;ˈflaʊərz;flores;1118
fly;(flai)  ;	Mosca;289
fly ;flaɪ ;mosca ;1586
fold;(er-ing-ed)  (foUld) ;	Doblez, plegadura;290
follow;ˈfɑloʊ;seguir;1119
follow ;ˈfɑloʊ ;seguir ;1587
food;(fudd)  ;	Alimento;291
food ;fud ;comida ;1588
foolish;(fúuliSH)  ;	Tonto, tonta;292
foot;(fut)  ;	Pié;293
foot ;fʊt ;pie ;1589
for;(fooR)  ;	Por, para;294
for ;fɔr ;para ;1590
force;(forcing-d)  (fooRs) ;	Fuerza, violencia, rigor ;295
force ;fɔrs ;fuerza ;1591
forest;ˈfɔrəst;bosque;1120
fork;(fooRk)  ;	Tenedor;296
form;(er-ing-ed)  (fooRm) ;	Forma, figura;297
form ;fɔrm ;forma ;1592
forward;(fóor-uARd)  ;	Adelante, más allá;298
found;faʊnd;encontró;1121
four;fɔr;cuatro;1122
four ;fɔr ;cuatro ;1593
fowl;(faul)  ;	Ave;299
fraction;ˈfrækʃən;fracción;1123
frame;(freim)  ;	Marco, cuadro;300
France;fræns;Francia;1124
free;(fríi)  ;	Libre;301
free ;fri ;gratis ;1594
French;frɛnʧ;Francés;1125
frequent;(friicuent)  ;	Frecuente;302
fresh;frɛʃ;fresco;1126
friday;(frádEi)  ;	Viernes;303
friend;(frend)  ;	Amigo, amiga;304
friend ;frɛnd ;amigo ;1595
friends;frɛndz;amigos;1127
from;(from)  ;	De, desde;305
from ;frʌm ;de ;1596
front;(ing-ed)  (front) ;	Frente, fachada;306
fruit;(fruut)  ;	Fruta;307
full;(ful)  ;	Lleno, repleto, completo;308
full ;fʊl ;completo ;1597
fun;fʌn;divertido;1128
future;(fiúuchAR)  ;	Futuro;309
game;ɡeɪm;juego;1129
game ;ɡeɪm ;juego ;1598
garden;(er)  gáaRdEn) ;	Jardín;310
gas;ɡæs;gas;1130
gave;ɡeɪv;dio;1131
gave ;ɡeɪv ;dio ;1599
general;(yéneral)  ;	General;311
get;(guet)  ;	Conseguir, obtener, alcanzar, lograr, ganar;312
girl;(gueeRL)  ;	Niña;313
girl ;ɡɜrl ;chica ;1600
give;(guiv)  ;	Dar;314
giver;(guíveR)  ;	Dador, dopador, donante;315
glass;(glaas)  ;	Vaso, vidrio, anteojos;316
glove;(glav)  ;	Guante;317
go;(goU)  ;	Ir;318
goat;(goUt)  ;	Cabra;319
God;ɡɑd;Dios;1132
gold;(goUld)  ;	Oro;320
gold ;ɡoʊld ;oro ;1601
gone;ɡɔn;desaparecido;1133
good;(gud)  ;	Bueno, buena, buenos, buenas;321
good ;ɡʊd ;bueno ;1602
got;ɡɑt;consiguió;1134
got ;ɡɑt ;tengo ;1603
govern ;ˈɡʌvərn ;govern ;1604
government;(gevéRn-mEnt)  ;	Gobierno;322
grain;(grein)  ;	Grano, cereal;323
grass;(graas)  ;	Pasto, césped;324
great;(greit)  ;	Gran, grande, grandes;325
great ;ɡreɪt ;grande ;1605
Greek;ɡrik;Griego;1135
green;(gríin)  ;	Verde;326
green ;ɡrin ;verde ;1606
grew;ɡru;creció;1136
grey;(grei)  ;	Gris;327
grip;(ping-ped)  (grip) ;	Apretón, agarro;328
ground;ɡraʊnd;suelo;1137
ground ;ɡraʊnd ;suelo ;1607
group;(ing-ed)  (gruup) ;	Grupo;329
group ;ɡrup ;grupo ;1608
grow;ɡroʊ;crecer;1138
grow ;ɡroʊ ;crecer ;1609
growth;(groUz)  ;	Crecimiento, desarrollo;330
guess;ɡɛs;adivinar;1139
guide;(guiding-d)  (gaid) ;	Guía;331
gun;(gan)  ;	Arma de fuego, escopeta;332
had;hæd;tenía;1140
had ;hæd ;tenía ;1610
hair;(jeAR)  ;	Pelo, cabello ;333
half;hæf;medio;1141
half ;hæf ;medio ;1611
hammer;(er-ing-ed)  (jámER) ;	Martillo;334
hand;(jand)  ;	Mano;335
hand ;hænd ;mano ;1612
hanging;(jánG-inG)  ;	Colgando, colgante, colgadura;336
happen ;ˈhæpən ;pasar ;1613
happened;ˈhæpənd;sucedió;1142
happy;(un)  jápi) ;	Feliz;337
harbour;(ing-ed)  (jáaRbER) ;	Puerto, asilo ;338
hard;(jaaRd)  ;	Duro, difícil;339
hard ;hɑrd ;duro ;1614
harmony;(jáaRmoni)  ;	Armonía;340
has;hæz;tiene;1143
hat;(hatter)  (jat) ;	Sombrero;341
hate;(er-ing-ed) ( jeit) ;	Odio, aborrecimiento;342
have;(jav)  ;	Tener, haber, poseer;343
he;(jíi)  ;	El;344
he ;hi ;él ;1615
head;(er-ing-ed)  (jed) ;	Cabeza;345
head ;hɛd ;cabeza ;1616
healthy;(jélzi) ;	Sano, saludable;346
hear;hir;escuchar;1144
heard;hɜrd;escuchó;1145
heard ;hɜrd ;oído ;1617
hearer;(jíaring)  ;	Oído, audiencia, oyendo;347
heart;(jaaRt)  ;	Corazón;348
heat;(er-ing-ed)  (jiit) ;	Calor;349
heat ;hit ;calentar ;1618
heavy;ˈhɛvi;pesado;1146
held;hɛld;sostuvo;1147
help;(er-ing-ed)  (jelp) ;	Ayuda, socorro, auxilio ;350
help ;hɛlp ;ayuda ;1619
help ;hɛlp ;ayuda ;1620
her;(jeeR)  ;	Su (de ella;351
her ;hɜr ;su ;1621
here;(jíAR)  ;	Aquí;352
here ;hir ;aquí ;1622
hers;(jeeRz)  ;	Suyo, suya (de ella;353
herself;(jeeRsélf)  ;	Ella misma;354
high;(jai)  ;	Alto, elevado, altivo, noble;355
hill;hɪl;colina;1148
him;hɪm;a él;1149
him ;hɪm ;él ;1623
himself;(jimsélf)  ;	El mismo;356
his;(jiz)  ;, su (de él;357
his ;hɪz ;su ;1624
history;(jístori)  ;	Historia;358
hit;hɪt;golpear;1150
hokk;(ing-ed)  (juk) ;	Gancho, anzuelo;361
hold;hoʊld;sostener;1151
hold ;hoʊld ;mantenga ;1625
hole;(joUl)  ;	Hoyo, agujero;359
hollow;(jóloU)  ;	Hueco;360
home;hoʊm;hogar;1152
home ;hoʊm ;casa ;1626
hope;(hoping-d) (joUp) ;	Esparanza;362
horn;(jooRn)  ;	Cuerno, corneta;363
horse;(jooRs)  ;	Caballo;364
horse ;hɔrs ;caballo ;1627
hospital;(jóspitAL)  ;	Hospital;365
hot;hɑt;caliente;1153
hot ;hɑt ;caliente ;1628
hour;(ˈouər)  ;	Hora;366
hour ;ˈaʊər ;hora ;1629
hours;ˈaʊərz;horas;1154
house;(jaus)  ;	Casa;367
house ;haʊs ;casa ;1630
how;(jau)  ;	Cómo, qué;368
how ;haʊ ;cómo ;1631
however;ˌhaʊˈɛvər;sin embargo;1155
huge;hjuʤ;enorme;1156
human;ˈhjumən;humano;1157
humour;(jiúumER)  ;	Humor, humorada;369
hundred;ˈhʌndrəd;centenar;1158
hundred ;ˈhʌndrəd ;cien ;1632
hunting;ˈhʌntɪŋ;caza;1159
i;(ai)  ;	Yo;370
i ;aɪ ;yo;1633
I’ll;aɪl;Enfermo;1160
ice;(icing-iced)  (ais) ;	Hielo;371
idea;(aidía)  ;	Idea;372
idea ;aɪˈdiə ;idea ;1634
if;(if)  ;	Si;373
if ;ɪf ;si ;1635
iiron;(áieRn)  ;	Hierro;386
ill;(il)  ;	Enfermo;374
important;(un)  (impóoRtant) ;	Importante ;375
impulse;(ímpals)  ;	Impulso;376
in;(in)  ;	En, dentro;377
in ;ɪn ;en ;1636
inch ;ɪnʧ ;pulgada ;1637
inches;ˈɪnʧəz;pulgadas;1161
include;ɪnˈklud;incluir;1162
increase;(increasing-ed)( incríis) ; Aumento, incremento ;378
Indian;ˈɪndiən;indio;1163
indicate;ˈɪndəˌkeɪt;indicar;1164
industry;(indastri)  ;	Industria;379
inerest;inerest;interés;1165
information;ˌɪnfərˈmeɪʃən;información;1166
ink;(ink)  ;	Tinta;380
insect;(insect)  ;	Insecto;381
insects;ˈɪnˌsɛkts;insectos;1167
inside;ɪnˈsaɪd;adentro;1168
instead;ɪnˈstɛd;en cambio;1169
instrument;(instrumEnt)  ;	Instrumento;382
instruments;ˈɪnstrəmənts;instrumentos;1170
insurance;(inSHúrans)  ;	Seguro ;383
interest;(ing-ed)  íntErest) ;	Interés ;384
interest ;ˈɪntrəst ;interés ;1638
interesting;ˈɪntrəstɪŋ;interesante;1171
into;ˈɪntu;en;1172
invention;(invénSHon)  ;	Invención;385
iron;ˈaɪərn;hierro;1173
is;ɪz;es;1174
island;(áiland)  ;	Isla;387
island ;ˈaɪlənd ;isla ;1639
isn’t;ˈɪzənt;no es;1175
it;(it)  ;	El, ella, ello, lo, le (pronombre neutro;388
it ;ɪt ;lo ;1640
it’s;ɪts;es;1176
its;(its)  ; neutro;389
it's;ɪts (its);Es (contracción de it is);1915
itself;(itsélf)  ;	El mismo, la misma, lo mismo (neutro;390
january;(yánuari)  ;	Enero;391
Japanese;ˌʤæpəˈniz;japonés;1177
jelly;(yéli)  ;	Jalea, jelatina;392
jewel;(jeweler)  (yúuel) ;	Joya;393
job;ʤɑb;trabajo;1178
join;(ing-ed) yóin)  ;	Unión, juntura, empalme;394
joined;ʤɔɪnd;unido;1179
journey;(yéeRni)  ;	Viaje;395
judge;(judging-ed)  yad@) (yady-y) ; Juez, árbitro, magistrado ;396
july;(yuulái)  ;	Julio;397
jump;(er-ing-ed)  (yamp) ;	Salto;398
jumped;ʤʌmpt;saltó;1180
june;(yuun)  ;	Junio;399
just;ʤʌst;justo;1181
just ;ʤʌst ;sólo ;1641
keep;(kiip)  ;	Mantener, guardar;400
keep ;kip ;mantener ;1642
kept;kɛpt;conservó;1182
kettle;(quétEL)  ;	Tetera;401
key;(kii)  ;	Llave;402
kick;(er-ing-ed)  (kik) ;	Puntapié;403
killed;kɪld;delicado;1183
kind;(caind) ;	Bondadoso, amable;404
kind ;kaɪnd ;amable ;1643
king;kɪŋ;rey;1184
king ;kɪŋ ;rey ;1644
kiss;(ing-ed) ( kis) ;	Beso;405
knee;(nii)  ;	Rodilla;406
knew;nu;sabía;1185
knew ;nu ;sabía ;1645
knive;(náif)  ;	Cuchillo;407
knot;(ting-ted)  (not) ;Nudo;408
know;noʊ;saber;1186
knowledge;NULL;Conocimiento;409
known;noʊn;conocido;1187
lady;ˈleɪdi;dama;1188
lake;leɪk;lago;1189
land;(land)  ;	Terreno, país, tierra ;410
land ;lænd ;tierra ;1646
language;(lánG-gui@) (lánG-uiy) ;	Idioma, lenguaje;411
large;lɑrʤ;grande;1190
large ;lɑrʤ ;grande ;1647
last;(laast)  ;	Último, última, últimos, últimas;412
last ;læst ;último ;1648
late;(leit)  ;	Tarde, último, atrasado;413
late ;leɪt ;tarde ;1649
later;ˈleɪtər (ley-ter);Después;1916
laugh;(er-ing-ed)  (laaf) ;	Risa;414
laugh ;læf ;reír ;1650
laughed;læft;se rio;1191
law;(loo)  ;	Ley;415
lay;leɪ;poner;1192
lay ;leɪ ;poner ;1651
lead;(led)  ;	Plomo;416
lead ;lid ;plomo ;1652
leaf;(liif)  ;	Hoja;417
learn;lɜrn;aprender;1193
learn ;lɜrn ;aprender ;1653
learning;(léeRninG)  ;	Aprendiendo, erudición;418
least;(liist)  ;	Mínimo, el menor, el mínimo, el más chico;419
leather;(l’DzeR)  (lédeR) ;	Cuero;420
leave;liv;dejar;1194
led;lɛd;condujo;1195
left;(left)  ;	Izquierda;421
left ;lɛft ;dejar ;1654
leg;(leg)  ;	Pierna;422
legs;lɛɡz;piernas;1196
length;lɛŋkθ;longitud;1197
less;(les)  ;	Menor, menos;423
less ;lɛs ;menos ;1655
let;(let)  ;	Dejar, permitir, conceder, arrendar;424
let’s;lɛts;vamos;1198
letter;( léteR) ;	Carta, letra;425
letter ;ˈlɛtər ;letra ;1656
level;(ler-linig-led) ( lévEL) ;	Nivel, a nivel, plano ;426
library;(láibreri)  ;	Biblioteca;427
lie;laɪ;mentir;1199
life;laɪf;vida;1200
lift;(er-ing-ed) ( lift) ;	Ascensor, alzamiento ;428
lifted;ˈlɪftəd;levantado;1201
light;(er-ing-ed)  (lait) ;	Luz, liviano;429
light ;laɪt ;luz ;1657
like;(un)  laik) ;	Parecido, semejante;430
like ;laɪk ;como ;1658
limit;(-in)  -ed)  (límit);Límte;431
line;(lain)  ;	Línea, raya;432
line ;laɪn ;línea ;1659
linen;(linen)  ;	Lienzo, ropa blanca;433
lip;(lip)  ;	Labio;434
liquid;(lícuid)  ;	Líquido;435
list;(list)  ;	Lista;436
list ;lɪst ;lista ;1660
listen;ˈlɪsən;escuchar;1202
listen ;ˈlɪsən ;escuchar ;1661
little;(litEL)  ;	Pequeño, poco;437
little ;ˈlɪtəl ;pequeño ;1662
live;lɪv;vivir;1203
live ;lɪv ;vivir ;1663
living;(líving)  ;	Vivo, viviendo;438
located;ˈloʊˌkeɪtəd;situado;1204
lock;(er-ing-ed)  (lok) ;	Cerradura, cansado;439
long;(long)  ;	Largo, extenso;440
long ;lɔŋ ;largo ;1664
look;(ing-ed)  (luk) ;	Mirada;441
look ;lʊk ;mirar ;1665
loose;(luus)  ;	Suelto, desatado, flojo;442
loss;(los)  ;	Pérdida;443
lost;lɔst;perdido;1205
lot;lɑt;lote;1206
lot ;lɑt ;mucho ;1666
loud;(laud)  ;	Ruido, clamoroso, fuerte;444
love;(r-ing-ed)  (lav) ;	Amor, afecto;445
love ;lʌv ;amor ;1667
love ;lʌv ;amor ;1668
low;(loU)  ;	Bajo, pequeño;446
low ;loʊ ;bajo ;1669
machine;(maSHiin)  ;	Máquina;447
machine ;məˈʃin ;máquina ;1670
made;meɪd;hecho;1207
made ;meɪd ;hecho ;1671
main;meɪn;principal;1208
main ;meɪn ;principal ;1672
major;ˈmeɪʤər;importante;1209
make;(meik)  ;	Hacer, fabricar;448
maker;(méiqueR)  ;	Fabricante, constructor;449
male;(méil)  ;	Masculino, macho;450
man;(man)  ;	Hombre;451
man ;mæn ;hombre ;1673
manager;(mánayeR)  ;	Gerente, director;452
many;ˈmɛni;muchos;1210
many ;ˈmɛni ;muchos ;1674
map;(map)  ;	Mapa;453
map ;mæp ;mapa ;1675
march;(maaR-ch)  ;	Marzo;454
mark;(er-ing-ed)  (maaRK) ;	Marca, señal, huella ;455
mark ;mɑrk ;marca ;1676
market;(máaRquet)  ;	Mercado;456
married;(un)  (márrid) ;	Casado;457
mass;(mas)  ;	Masa, misa;458
match;(mach)  ;	Fósforo;459
material;(matíErial)  ;	Material;460
matter;ˈmætər;asunto;1211
may;(mei)  ;	Mayo;461
may;(mei)  ;	Poder, ser posible;462
may /might ;meɪ /maɪt ;puede ;1677
maybe;ˈmeɪbi;tal vez;1212
me;(míi)  ;	Me, mi;463
me ;mi ;a mi;1678
meal;(miil)  ;	Comida;464
mean;min;significar;1213
mean ;min ;significar ;1679
measure;(measuring-d) ( meshur)  ;Medida;465
measure ;ˈmɛʒər ;medir ;1680
meat;miiit;Carne;466
medical;(médicAL)  ;	Medicinal, médica;467
meet;mit;encontrarse;1214
meeting;(miitinG)  ;	Reunión, cita, asamblea;468
melody;ˈmɛlədi;melodía;1215
members;ˈmɛmbərz;miembros;1216
memory;(mémori)  ;	Memoria, recuerdo;469
men;mɛn;hombres;1217
men ;mɛn ;hombres ;1681
metal;(métAL)  ;	Metal;470
method;ˈmɛθəd;método;1218
middle;(mídEL)  ;	Medio;471
might;maɪt;podría;1219
mile;maɪl;milla;1220
mile ;maɪl ;milla ;1682
military;(mílitAri)  ;	Militar;472
milk;(er-ing-ed)  (milk) ;	Leche;473
million;ˈmɪljən;millón;1221
mind;(maind)  ;	Mente, entendimiento, inteligencia;474
mind ;maɪnd ;mente ;1683
mine;(main)  ;	Mío, mía, míos, mías, lo mío, la mía;475
mine;(main) ;	Mina;476
miner;maaineR;minero, minera;477
minute;(mínit)  ;	Minuto;478
minute ;ˈmɪnət ;minuto ;1684
minutes;ˈmɪnəts;minutos;1222
miss;mɪs;extrañar;1223
miss ;mɪs ;señorita ;1685
mist;(mist)  ;	Niebla, neblina;479
mixed;(míkst) ;	Mezclado;480
modern;ˈmɑdərn;moderno;1224
molecules;ˈmɑləˌkjulz;moléculas;1225
moment;ˈmoʊmənt;momento;1226
monday;(mándEi)  ;	Lunes;481
money;(máni)  ;	Dinero, moneda;482
money ;ˈmʌni ;dinero ;1686
monkey;(mánG-ki)  ;	Mono;483
month;(mánz)  ;	Mes;484
months;mʌnθs;meses;1227
moon;(muun)  ;	Luna;485
moon ;mun ;luna ;1687
more;(mooR)   ; 	Más;486
more ;mɔr ;más ;1688
morning;(móoR-ninG)  ;	Mañana (la;487
most;(moUst)  ;	El más;488
most ;moʊst ;más ;1689
mother;(máDZeR)  mádeR) ;	Madre;489
mother ;ˈmʌðər ;madre ;1690
motion;(móU-Shon)  ;	Movimiento, moción;490
mountain;(máunten)  ;	Montaña;491
mountain ;ˈmaʊntən ;montaña ;1691
mouth;(mauz)  ;	Boca;492
move;(ing-ed)  (muuv) ;	Movimiento;493
move ;muv ;mover ;1692
movement;ˈmuvmənt;movimienot;1228
much;(mách)  ;	Mucho, mucha;494
much ;mʌʧ ;mucho ;1693
muscle;(másEL)  ;	Músculo;495
music;(miúuzik)  ;	Música;496
music ;ˈmjuzɪk ;música ;1694
must;mʌst;debe;1229
must ;mʌst ;debe ;1695
my;(mai)  ;	Mi, mis;497
my ;maɪ ;mi ;1696
myself;(maisélf)  ;	Yo mismo;498
nail;(er-ing-ed)  (neil) ;	Clavo, uña;499
name;(naming, -ed)  (neim) ;	Nombre;500
name ;neɪm ;nombre ;1697
narrow;(nárroU)  ;	Estrecho, angosto;501
nation;(néiSHon)  ;	Nacion;502
natural;(un-)  (náchural) ;	Natural;503
near;(ing-ed)  (niaR) ;	Cerca, cerca de;504
near ;nɪr ;cerca de ;1698
nearer;(niareR)  ;	Más cerca;505
nearest;(niarest)  ;	El más cerca ;506
neccessary;( nécesari) ;	Necesario ;507
necessary;ˈnɛsəˌsɛri;necesario;1230
neck;(nek)  ;	Cuello;508
need;(niid)  ;	Necesidad;509
need ;nid ;necesito ;1699
needle;(níidEL)  ;	Aguja, nervio;510
nerve;(néeRv)  ;	Nervio;511
net;(net)  ;	Red, malla;512
never;ˈnɛvər;nunca;1231
never ;ˈnɛvər ;nunca ;1700
new;(niúu)  ;	Nuevo;513
new ;nu ;nuevo ;1701
news;(niuuz)  ;	Noticia, noticias, informes;514
next;nɛkst;próximo;1232
next ;nɛkst ;siguiente ;1702
night;(nait)  ;	Noche;515
night ;naɪt ;noche ;1703
no;(noU)  ;	No, ningún, ninguno;516
no ;noʊ ;no ;1704
noise;(noiz)  ;	Ruido;517
nor;nɔr;ni;1233
normal;(nóoRmAL)  ;	Normal;518
north;(nooRz)  ;	Norte;519
north ;nɔrθ ;norte ;1705
northern;ˈnɔrðərn;del Norte;1234
nose;(noUz)  ;	Nariz;520
not;(not)  ;	No;521
note;(noting-d);	Nota, apunte, billete, señal ;523
note ;noʊt ;nota ;1706
nothing;ˈnʌθɪŋ;nada;1235
nothing ;ˈnʌθɪŋ ;nada ;1707
notice;(noodes) ; aviso,fijarse en ;522
notice ;ˈnoʊtəs ;nota ;1708
noun;naʊn;sustantivo;1236
noun ;naʊn ;sustantivo ;1709
november;(novémbeR)  ;	Noviembre;524
now;(nau)  ;	Ahora, actualmente;525
now ;naʊ ;ahora ;1710
number;(ing-ed)  (námber) ;	Número;526
number ;ˈnʌmbər ;número ;1711
numeral;ˈnumərəl;número;1237
numeral ;ˈnumərəl ;numeral ;1712
nut;(nat)  ;	Nuez;527
object;ˈɑbʤɛkt;objeto;1238
object ;ˈɑbʤɛkt ;objeto ;1713
observation;(ob- zervéiSHon)  ;	Observación ;528
observe;əbˈzɜrv;observar;1239
ocean;ˈoʊʃən;océano;1240
october;(octöUber)  ;	Octubre;529
of;(ov)  ;	De;530
of ;ʌv ;de ;1714
off;(of)  ;	Fuera de , lejos de, en distancia;531
off ;ɔf ;de;1715
offer;(er-ing-ed)  (ófer) ;	Oferta;532
office;(ófis)  ;	Oficina;533
often;ˈɔfən;a menudo;1241
often ;ˈɔfən ;a menudo ;1716
oh;oʊ;Vaya;1242
oh ;oʊ ;oh ;1717
oil;(er-ing-ed)  (oil) ;	Aceite;534
old;(oUld)  ;	Viejo, antiguo, añejo;535
old ;oʊld ;viejo ;1718
on;(on)  ;	Sobre, en;536
on ;ɑn ;en ;1719
once;wʌns;una vez;1243
once ;wʌns ;una vez ;1720
one;wʌn;uno;1244
one ;wʌn ;uno ;1721
only;(óUnli)  ;	Sólo, solamente;537
only ;ˈoʊnli ;solo ;1722
open;(er-ing-ed)  óUpEn) ;	Abierto;538
open ;ˈoʊpən ;abrir ;1723
operation;(operéiSHon)  ;	Operación;539
opinion;(opínion)  ;	Opinión;540
opposite;(ópozit)  ;	Opuesto, contrario;541
or;(ooR)  ;	O;542
or ;ɔr ;o ;1724
orange;(óren@)  (óren-y) ;	Naranja;543
order;(ing-ed)  (óoRdeR) ;	Orden ;544
order ;ˈɔrdər ;pedir ;1725
organization;(óoRganaizéiSHon)  ;	 Organización ;545
ornament;(óoRnamEnt)  ;	Adorno, ornamento;546
other;(áDZaR)  ádaR) ;	Otro, otra, otras, otros;547
other ;ˈʌðər ;otros ;1726
our;(áuaR)  ;	Nuestro, nuestra, nuestros, nuestras;548
our ;ˈaʊər ;nuestra ;1727
ourselves;(auaR-sélvs) auaR-élvEs) ; Nosotros mismos;549
out;aaaut;Fuera;550
out ;aʊt ;fuera ;1728
outer;(áuteR)  ;	Externo, exterior;551
outside;ˈaʊtˈsaɪd;afuera;1245
oven;(óvEn)  ;	Horno;552
over;(oUveR)  ;	Sobre, encima;553
over ;ˈoʊvər ;en ;1729
own;oʊn;propio;1246
own ;oʊn ;propio ;1730
owner;(óUneR)  ;	Dueño, propietario;554
oxygen;ˈɑksəʤən;oxígeno;1247
page;(pei@) ( pei-y) ;	Página;555
pain;(ing-ed)  (pein) ;	Dolor, pena;556
paint;(er-ing-ed)  (peint) ;	Pintura;557
pair;pɛr;par;1248
paper;(peipAR)  ;	Papel, periódico;558
paper ;ˈpeɪpər ;papel ;1731
paragraph;ˈpærəˌɡræf;párrafo;1249
parallel;(párarel)  ;	Paralelo;559
parcel;(páRsEL)  ;	Paquete;560
park;pɑrk;parque;1250
part;(ing-ed) ( paaRt) ;	Parte, porción;561
part ;pɑrt ;parte ;1732
particular;pərˈtɪkjələr;particular;1251
party;ˈpɑrti;fiesta;1252
pass ;pæs ;pasar ;1733
passed;pæst;aprobado;1253
past;(paast)  ;	Pasado;562
paste;(pasting-d)  (pest) ;	Pasta, goma, engrudo ;563
pattern;ˈpætərn;patrón;1254
pattern ;ˈpætərn ;patrón ;1734
pay;peɪ;pagar;1255
payment;(péimEnt)  ;	Pago;564
peace;(piis)  ;	Paz, tranquilidad;565
pen;(pen)  ;	Pluma;566
pencil;(pénsil)  ;	Lápiz;567
people;ˈpipəl;gente;1256
people ;ˈpipəl ;gente ;1735
per;pɜr;por;1257
perhaps;pərˈhæps;tal vez;1258
perhaps ;pərˈhæps ;quizás ;1736
period;ˈpɪriəd;período;1259
person;(péeR-sOn)  ;	Persona;568
person ;ˈpɜrsən ;persona ;1737
phrase;freɪz;frase;1260
physical;(fízicAl)  ;	Físico;569
picked;pɪkt;escogido;1261
picture;(picturing-d)  (pikcheR) ;	Cuadro, retrato, pintura ;570
picture ;ˈpɪkʧər ;imagen ;1738
piece;pis;pedazo;1262
piece ;pis ;pieza ;1739
pig;(pig)  ;	Cerdo;571
pin;(pin)  ;	Alfiler;572
pipe;(paip)  ;	Pipa, tubo, cañería ;573
place;(placing-d) ( pleis) ;	Lugar, sitio, colocación ;574
place ;pleɪs ;lugar ;1740
plain ;pleɪn ;llano ;1741
plains;pleɪnz;llanuras;1263
plan;plæn;plan;1264
plane;(planing-d)  (plein) ;	Cepillo (de madera;575
plane ;pleɪn ;plano ;1742
planets;ˈplænəts;planetas;1265
plant;(er-ing-ed)  (plaant) ;	Planta;576
plant ;plænt ;planta ;1743
plate;(pleit)  ;	Plato;577
platyer;(pléyeR)  ;jugador;579
play;(er-ing-ed)  (plei) ;	Juego, espectáculo, drama ;578
play ;pleɪ ;jugar ;1744
please;plíiiss;Por favor;580
pleasure;plaicheR;	Placer, agrado, gusto;581
plough;(er-ing-ed)  (plau) ;	Arado;582
plural;ˈplʊrəl;plural;1266
pocket;(póquet)  ;	Bolsillo;583
poem;ˈpoʊəm;poema;1267
point;(ing-ed)  (point) ;	Punta, punto ;584
point ;pɔɪnt ;punto ;1745
poison;(er-ing-ed)  (póizOn) ;	Veneno;585
pole;poʊl;polo;1268
polish;(er-ing-ed)  (poliSH) ;	Lustre, cortesía, pulimento ;586
political;(politicAl)  ;	Político;587
poor;(puéR)  ;	Pobre;588
port ;pɔrt ;puerto ;1746
porter;(póoRteR)  ;	Portero, mozo;589
position;(poziSHon)  ;	Posición;590
possible;(pósibEL)  ;	Posible;591
possible ;ˈpɑsəbəl ;posible ;1747
pot;(pot)  ;	Olla;592
potato;(potéitoU)  ;	Papa;593
pound ;paʊnd ;libra ;1748
pounds;paʊndz;libras;1269
powder;(ing-ed) (páudeR)  ;	Polvo, pólvora;594
power;(páueR)  ;	Poder;595
power ;ˈpaʊər ;poder ;1749
practice;ˈpræktəs;práctica;1270
prepared;priˈpɛrd;preparado;1271
present;(prézEnt)  ;	Presente, regalo;596
president;ˈprɛzəˌdɛnt;presidente;1272
press ;prɛs ;pulse ;1750
pretty;ˈprɪti;bonito;1273
price;(prais)  ;	Precio;597
print;(er-ing-ed)  (print) ;	Impresión, impreso ;598
printed;ˈprɪntəd;impreso;1274
prison;(er-ing-ed) ( prízOn) ;	Prisión, cárcel;599
private;(práivEt)  ;	Privado, particular, personal;600
probable;(próbabEL)  ;	Probable;601
probably;ˈprɑbəbli;probablemente;1275
problem;ˈprɑbləm;problema;1276
problem ;ˈprɑbləm ;problema ;1751
process;(próUses)  ;	Proceso;602
produce;(r-producing-d) (pródiuus) ; Producto, productos;603
produce ;ˈproʊdus ;producir ;1752
product ;ˈprɑdəkt ;producto ;1753
products;ˈprɑdəkts;productos;1277
profit;(ing-ed)  (prófit) ;	Ganancia, utilidad, provecho ;604
property;(própeRti)  ;	Propiedad, bienes raíces;605
prose;(proUz)  ;	Prosa;606
protest;(ing-ed)  (próUtest) ;	Protesta ;607
provide;prəˈvaɪd;proporcionar;1278
public;(páblik)  ;	Público;608
pull;(ing-ed)  (pul) ;	Tirón, sacudimiento;609
pull ;pʊl ;tirar de ;1754
pulled;pʊld;tirado;1279
pump;(ing-ed)  (pamp) ;	Bomba;610
punishment;(pániSH-mEnt)  ;	Castigo;611
purpose;(pérRpes)  ;	Intento, proyecto, propósito;612
push;(ing-ed)  (puSH) ;	Empujón;613
pushed;pʊʃt;empujado;1280
put;(put)  ;	Poner, colocar;614
put ;pʊt ;poner ;1755
quality;(cuóliti)  ;	Calidad;615
question;(er-ing-ed)  (cueschon) ;	Pregunta, interrogación ;616
question ;ˈkwɛsʧən ;pregunta ;1756
questions;ˈkwɛsʧənz;preguntas;1281
quick;(cuik)  ;	Rápido, veloz;617
quick ;kwɪk ;rápido ;1757
quickly;ˈkwɪkli;rápidamente;1282
quiet;(un-)  (cuáiet) ;	Tranquilo, quieto, pacífico;618
quite;(cuait)  ;	Completamente, enteramente;619
race;reɪs;carrera;1283
radio;ˈreɪdiˌoʊ;radio;1284
rail;(reil)  ;	Riel, barrera, baranda;620
rain;(ing-ed)  (rein) ;	Lluvia;621
rain ;reɪn ;lluvia ;1758
raised;reɪzd;aumentó;1285
ran;ræn;corrió;1286
ran ;ræn ;corrió ;1759
range;(rein@)  (rein-y) ;	Serie, fila, hilera, cadena de montañas;622
rat;(rat)  ;	Ratón;623
rate;(rating-d) ( reit) ;	Tasa, proporción, velocidad;624
rather;ˈræðər;bastante;1287
ray;(rei)  ;	Rayo;625
reach ;riʧ ;llegar a ;1760
reached;riʧt;alcanzó;1288
reaction;(riiák-Shon)  ;	Reacción;626
read;rid;leer;1289
read ;rid ;leer ;1761
reader;(ríider)  ;	Lector;627
reading;(ríidinG)  ;	Lectura, leyendo;628
ready;(un-)  rédi) ;	Listo, pronto, preparado ;629
ready ;ˈrɛdi ;listo ;1762
real;riəl;real;1290
real ;riəl ;real ;1763
really;ˈriəli;Realmente;1917
reason;(er-ing-ed)  (ríizOn) ;	Razón, fundamento ;630
receipt;(rissit)  ;	Recibo, receta;631
received;rəˈsivd;recibió;1291
record;(er-ing-ed)  (récooRd) ;Registro;632
record ;ˈrɛkərd ;grabar ;1764
red;rreeed;Rojo;633
red ;rɛd ;rojo ;1765
region;ˈriʤən;región;1292
regret;(rigrét)  ;	Remordimiento, pena, pesar;634
regular;(réguiulAR)  ;	Regular;635
relation;(riliéSHon)  ;	Relación, pariente;636
religion;(rilíyon)  ;	Religión ;637
remain;rɪˈmeɪn;permanecer;1293
remember;rɪˈmɛmbər;recordar;1294
remember ;rɪˈmɛmbər ;recordar ;1766
repeated;rɪˈpitɪd;repetido;1295
report;rɪˈpɔrt;informe;1296
represent;ˌrɛprəˈzɛnt;representar;1297
representative;(répri-zéntativ)  ;	Representante ;638
request;(ricuést)  ;	Petición, demanda ;639
respect;(ing-ed)  (rispect) ;	Respeto, respecto ;640
responsible;(un-)  (rispónsibEL) ;	Responsable;641
rest;(ing-ed)  (rest) ;	Descanso, reposo, resto ;642
rest ;rɛst ;resto ;1767
result;rɪˈzʌlt;resultado;1298
return;rɪˈtɜrn;devolver;1299
reward;(er-ing-ed)  (riuooRD) ;	Premio, recompensa ;643
rhythm;(riDZ-Em)  (rídEm) ;	Ritmo;644
rice;(rais)  ;	Arroz;645
rich;rɪʧ;rico;1300
rich ;rɪʧ ;rico ;1768
ride;raɪd;conducir;1301
right;(rait)  ;	Derecho;646
right ;raɪt ;derecha ;1769
ring;(ring)  ;	Aro;647
rise;raɪz;elevar;1302
river;(riveR)  ;	Río;648
river ;ˈrɪvər ;río ;1770
road;(roUd)  ;	Camino;649
road ;roʊd ;carretera ;1771
rock;rɑk;roca;1303
rod;(rod)  ;	Varilla, caña de pescar;650
roll;(er-ing-ed)  (roUl) ;	Rollo, rollo de papel, lista ;651
rolled;roʊld;arrollado;1304
roof;(ing-ed)  (ruuf) ;	Tejado, techado;652
room;(rum)  ;	Pieza, espacio, habitación;653
room ;rum ;sala ;1772
root;(ing-ed)  (ruut) ;	Raíz;654
rope;roʊp;soga;1305
rose;roʊz;rosa;1306
rough;(raf)  ;	Aspero, tosco, grosero;655
round;(raund)  ;	Redondo;656
round ;raʊnd ;redondo ;1773
row;roʊ;fila;1307
rub;(bing-bed)  (rab) ;	Frotamiento, fricción;657
rule;(r-ruling-d) ( ruul) ;	Regla, mando;658
rule ;rul ;regla ;1774
run;(ran)  ;	Carrera;659
sad;(sad)  ;	Triste;660
safe;(seif) ;	Salvo, seguro, caja fuerte;661
said;sɛd;dicho;1308
said ;sɛd ;dijo ;1775
sail;(or-ing-ed)  (seil) ;Vela de buque;662
salt;(solt)  ;	Sal;663
same;(seim)  ;	Mismo, semejante, igual;664
same ;seɪm ;mismo ;1776
sand;(sand)  ;	Arena;665
sat;sæt;se sentó;1309
saturday;(sáteRdEi)  ;	Sábado;666
save;seɪv;ahorrar;1310
saw;sɔ;sierra;1311
saw ;sɔ ;vio ;1777
say;(sei)  ;	Decir;667
scale;(skel)  ;	Escalar, escala;668
school;(scuul)  ;	Escuela;669
school ;skul ;escuela ;1778
science;(sáiens)  ;	Ciencia;670
science ;ˈsaɪəns ;ciencia ;1779
scientist;ˈsaɪəntɪst;científico;1312
scissors;(sízeRz)  ;	Tijeras;671
score;skɔr;puntaje;1313
screw;(ing-d)  (scruu) ;	Tornillo;672
sea;(sii)  ;	Mar;673
sea ;si ;mar ;1780
seat;(ing-ed)  (siit) ;	Asiento;674
second;(sécond)  ;	Segundo;675
second ;ˈsɛkənd ;segundo ;1781
secret;(síicrit)  ;	Secreto;676
secretary;(sécretAri)  ;	Secretario;677
section;ˈsɛkʃən;sección;1314
see;(síi)  ;	Ver;679
seed;(er-ing-ed)  (siid) ;	Semilla;678
seeds;sidz;semillas;1315
seem;(síim)  ;	Parecer;680
seem ;sim ;parece ;1782
seen;sin;visto;1316
selection;(selék-Shon)  ;	Selección;681
self;(self)  ;	Mismo, sí mismo, propio;682
self ;sɛlf ;yo ;1783
sell;sɛl;vender;1317
send;(send)  ;	Enviar, remitir, despachar;683
sense;(sens)  ;	Sentido, entendimiento ;684
sent;sɛnt;enviado;1318
sentence;ˈsɛntəns;oración;1319
sentence ;ˈsɛntəns ;frase ;1784
separate;(separating-d) (sepArEit) ; Separado, desunido ;685
september;(septémbeR)  ;	Septiembre;686
serious;(síriOs)  ;	Serio, grave;687
servant;(séeRvAnt)  ;	Sirviente;688
serve;sɜrv;atender;1320
serve ;sɜrv ;servir ;1785
set;sɛt;colocar;1321
set ;sɛt ;establecer ;1786
settled;ˈsɛtəld;establecido;1322
seven;ˈsɛvən;Siete;1323
several;ˈsɛvrəl;varios;1324
several ;ˈsɛvrəl ;varios ;1787
sex;(sex)  ;	Sexo;689
shade;(shading-d)  (Sheid) ;	Sombra, oscuridad ;690
shake;(SHeik)  ;	Sacudida, sacudimiento;691
shall;ʃæl;deberá;1325
shame;(shaming-d)  (SHeim) ;	Vergüenza;692
shape;ʃeɪp;forma;1326
shape ;ʃeɪp ;forma ;1788
sharp;(SHaaRp)  ;	Afilado, cortante, agudo;693
she;(SHíi)  ;	Ella;694
she ;ʃi ;ella ;1789
sheep;(SHiip)  ;	Oveja;695
shelf;(SHelf)  ;	Estante;696
ship;(pin-ped)  (SHip) ;	Buque, vapor, embarcación;697
ship ;ʃɪp ;barco ;1790
shirt;(SReeRt)  ;	Camisa;698
shock;(ing-ed)  (SHok) ;	Golpe, choque, sacudida;699
shoe;(SHuus)  ;	Zapato;700
shoes;ʃuz;zapatos;1327
shop;ʃɑp;comercio;1328
short;(SHooRt)  ;	Corto, corta, breve;701
short ;ʃɔrt ;corto ;1791
should;ʃʊd;debería;1329
should ;ʃʊd ;debe ;1792
shoulder;ˈʃoʊldər;hombro;1330
shouted;ˈʃaʊtəd;gritó;1331
show;ʃoʊ;espectáculo;1332
show ;ʃoʊ ;mostrar ;1793
shown;ʃoʊn;mostrado;1333
shut;(ting)  (SHat) ;	Cerrado;702
side;(said)  ;	Lado, costado;703
side ;saɪd ;lado ;1794
sight;saɪt;vista;1334
sign;(er-ed)  (sain) ;	Señal, firma, signo;704
silent;ˈsaɪlənt;silencioso;1335
silk;(silk)  ;	Seda;705
silver;(sílvER)  ;	Plata;706
similar;ˈsɪmələr;similar;1336
simple;(símpEL)  ;	Simple;707
simple ;ˈsɪmpəl ;simple ;1795
since;sɪns;desde;1337
since ;sɪns ;desde ;1796
sing;sɪŋ;cantar;1338
sing ;sɪŋ ;cantar ;1797
single;ˈsɪŋɡəl;soltero;1339
sir;sɜr;Señor;1340
sister;(síster)  ;	Hermana;708
sit;sɪt;sentarse;1341
sit ;sɪt ;siéntese ;1798
six;sɪks;seis;1342
six ;sɪks ;seis ;1799
size;(saiz)  ;	Tamaño, dimensión;709
size ;saɪz ;talla ;1800
skin;(skin)  ;	Piel, cutis;710
skirt;(ing-ed)  (squeeRt) ;	Falda, borde, orilla ;711
sky;(scai)  ;	Cielo;712
sleep;(slíip)  ;	Sueño;713
sleep ;slip ;dormir ;1801
slip;(ing-ped)  (slip) ;	Resbalón;714
slope;(sloUp)  ;	Declive, en pendiente;715
slow;(sloU)  ;	Lento;716
slow ;sloʊ ;lento ;1802
slowly;ˈsloʊli;despacio;1343
small;(smool)  ;	Pequeño, chico;717
small ;smɔl ;pequeño ;1803
smash;(ing-ed)  (smaSH) ;	Destrozo, rompimiento, quiebra ;718
smell;(smel)  ;	Olor, olfato;719
smile;(smiling-d)  (smail) ;	Sonrisa;720
smiled;smaɪld;sonrió;1344
smoke;(er-ing-ed)  (smoUk) ;	Humo;721
smooth;(smuuDZ)  (smuud) ;	Suave, liso, pulido;722
snake;(sneik)  ;	Serpiente ;723
sneeze;(sneezing-d)  (sniiz) ;  Estornudo ;724
snow;(ing-ed)  (snoU) ;	Nieve;725
snow ;snoʊ ;nieve ;1804
so;(soU)  ;	Así, tan, tanto, así como;726
so ;soʊ ;así ;1805
soap;(ing-ed)  (soUp) ;	Jabón;727
sock;(sok)  ;	Calcetín;728
soft;(soft)  ;	Blando;729
soil;sɔɪl;suelo;1345
soldiers;ˈsoʊlʤərz;soldados;1346
solid;(sólid)  ;	Sólido;730
solution;səˈluʃən;solución;1347
solve;sɑlv;resolver;1348
some;(sam)  ;	Alguno, algo de , algún;731
some ;sʌm ;algunos ;1806
someone;ˈsʌmˌwʌn;alguien;1349
something;ˈsʌmθɪŋ;algo;1350
sometimes;səmˈtaɪmz;a veces;1351
son;(san)  ;	Hijo;732
song;(song)  ;	Canción;733
song ;sɔŋ ;canción ;1807
soon;sun;pronto;1352
soon ;sun ;pronto ;1808
sort;(ing-ed)  (sooRt) ;	Especie, clase;734
sound;(ing-ed)  (saund) ;	Sonido, ruido;735
sound ;saʊnd ;sonido ;1809
soup;(suup)  ;	Sopa;736
south;(sauz)  ;	Sur;737
south ;saʊθ ;sur ;1810
southern;ˈsʌðərn;del Sur;1353
space;(speis)  ;	Espacio;738
spade;(speid)  ;	Pala;739
speak;spik;hablar;1354
special;(spéSHal)  ;	Especial;740
special ;ˈspɛʃəl ;especial ;1811
speed;spid;velocidad;1355
spell;spɛl;deletrear;1356
spell ;spɛl ;hechizo ;1812
sponge;(span@)  (span-y) ;	Esponja;741
spoon;(spuun)  ;	Cuchara;742
spot;spɑt;lugar;1357
spread;sprɛd;desparramar;1358
spring;(spring)  ;	Primavera, resorte;743
square;(scueAR)  ;	Cuadrado, plaza;744
stage;(stei@)  (stei-y) ;	Etapa, escenario, andamio ;745
stamp;(er-ing-ed)  (stamp) ;   Estampilla, timbre, sello ;746
stand;stænd;pararse;1359
star;(staaR)  ;	Estrella;747
star ;stɑr ;estrella ;1813
stars;stɑrz;estrellas;1360
start;(er-ing-ed)  (staaRt) ;	Comienzo, partida, principio S;748
start ;stɑrt ;empezar ;1814
state;steɪt;estado;1361
state ;steɪt ;estado ;1815
statement;ˈsteɪtmənt;declaración;1362
station;(steíSHon)  ;	Estación;750
stay;steɪ;permanecer;1363
stay ;steɪ ;permanecer ;1816
steam;(stiim)  ;	Vapor;751
steamert;(stiimeR)  ;	Buque movido a vapor;752
steel;(stiil)  ;	Acero;753
stem;(stem)  ;	Tallo, tronco;754
step;(step)  ;	Paso, peldaño, grada;755
step ;stɛp ;paso ;1817
stich;(er-ing-ed)  (stich) ;	Puntada, costura S;760
stick;(stik)  ;	Bastón, palo;756
sticky;(stiki)  ;	Pegajoso, a-, os, as;757
stiff;(stif)  ;	Tieso;758
still;(stil)  ;	Todavía, aún, quieto ;759
still ;stɪl ;todavía ;1818
stomach;(stómak)  ;	Estómago;762
stone;(stoUn)  ;	Piedra;763
stood;stʊd;permaneció;1364
stood ;stʊd ;parado ;1819
stop;(ping-ped)  (stop) ;	Detención, parada, pausa ;764
stop ;stɑp ;parar ;1820
store;(storing-ed)  (stooR) ;	Almacén, depósito, reserva S;765
story;ˈstɔri;historia;1365
story ;ˈstɔri ;historia ;1821
straight;(streit)  ;	Recto, directamente, directo ;767
strange;(stréin@)  (stréin-y) ;	Extraño;768
stream;strim;arroyo;1366
street;(striit)  ;	Calle;769
street ;strit ;calle ;1822
stretch;(er-ing-ed)  (strech) ;	Extensión, estirón ;770
stretched;strɛʧt;estirado;1367
string;strɪŋ;cadena;1368
strong;(strong)  ;	Fuerte, robusto;771
strong ;strɔŋ ;fuerte ;1823
structure;(strák-cheR)  ;	Estructura, construcción;772
students;ˈstudənts;estudiantes;1369
study;ˈstʌdi;estudiar;1370
study ;ˈstʌdi ;estudio ;1824
subject;ˈsʌbʤɪkt;sujeto;1371
substance;(sábstans)  ;	Sustancia;773
substances;ˈsʌbstənsəz;sustancias;1372
such;(sach)  ;	Tal, semejante;774
such ;sʌʧ ;tal ;1825
sudden;(sádEn)  ;	Repentino;775
suddenly;ˈsʌdənli;de repente;1373
suffix;ˈsʌfɪks;sufijo;1374
sugar;(ing-ed)  (SHúgar) ;	Azúcar;776
suggested;səɡˈʤɛstəd;sugirió;1375
suggestion;(sayésSHon)  ;	Sugestión;777
sum;sʌm;suma;1376
summer;(sámeR)  ;	Verano;778
sun;(ning-ned)  (san) ;	Sol;779
sun ;sʌn ;sol ;1826
sunday;(sándEi)  ;	Domingo;780
supply;səˈplaɪ;suministrar;1377
support;(er-ing-ed)  (sapóoRt) ;	Apoyo, sostén, soporte ;781
suppose;səˈpoʊz;suponer;1378
sure;ʃʊr;seguro;1379
surface;ˈsɜrfəs;superficie;1380
surface ;ˈsɜrfəs ;superficie ;1827
surprise;(surprising-d) (seR-ráiz); Sorpresa;782
sweet;(suiit)  ;	Dulce;783
swim;(suim)  ;	Baño de natación, acción de nadar;784
syllables;ˈsɪləbəlz;sílabas;1381
symbols;ˈsɪmbəlz;simbolos;1382
system;(sistem)  ;	Sistema;785
table;(téibEl)  ;	Mesa;786
table ;ˈteɪbəl ;mesa ;1828
tail;(teil)  ;	Cola;787
tail ;teɪl ;cola ;1829
take;(teik)  ;	Tomar, llevar, coger;788
talk;(er-ing-ed)  (took) ;	Conversación, charla;789
talk ;tɔk ;hablar ;1830
tall;(tool)  ;	Alto;790
taste;(r-tasting-d)  ;	Gusto, sabor;791
tatement;(steit-mEnt)  ;	Informe, relación, exposición ;749
tax;(er-ing-ed)  (taks) ;	Impuesto, contribución;792
teach ;tiʧ ;enseñar ;1831
teacher;(tíicheR)  ;	Maestro, profesor;793
teaching;(tíiching )  ;	Enseñando, enseñanza, instrucción;794
team;tim;equipo;1383
tell;tɛl;decir;1384
temperature;ˈtɛmprəʧər;temperatura;1385
ten;tɛn;diez;1386
ten ;tɛn ;diez ;1832
tendency;(téndensi)  ;	Tendencia;795
terms;tɜrmz;términos;1387
test;(er-ing-ed)  (test) ;	Prueba, ensayo, experimento ;796
test ;tɛst ;probar ;1833
than;(DZan)  (dan) ;	Que (partícula comparativa;797
than ;ðæn ;que ;1834
that;(DZat)  (dat) ;	Eso, esa, ese, que, aquel, aquello;798
that ;ðæt ;que ;1835
the;(DZii)  (dii) ;	El, la, los, las;799
the ;ði ;el ;1836
their;(DzeAR)(deAR) ;Su, suyo, suya(de ellos;801
their ;ðɛr ;su ;1837
theirs;(DZeARz)  (deARz) ;	El suyo, la suya, los suyos, la suyas, de ellos, de ellas;802
them;ðɛm;a ellos;1388
them ;ðɛm ;ellos ;1838
themselves;ðɛmˈsɛlvz;ellos mismos;1389
then;(DZen)  (den) ;	Después, entonces;800
then ;ðɛn ;entonces ;1839
theory;(zíori)  ;	Teoría;803
there;(DZeER)  (deER) ;	Ahí, allá, allí;804
there ;ðɛr ;allí ;1840
these;(DZíiz)  (diiz) ;	Estos, estas;805
these ;ðiz ;estos ;1841
they;(DZéi)  (dei) ;	Ellos, ellas;806
they ;ðeɪ ;ellos ;1842
thick;θɪk;grueso;1390
thiek;(zik)  ;	Grueso, espeso, denso;807
thin;(zin)  ;	Delgado;808
thing;(zinG)  ;	Cosa;809
thing ;θɪŋ ;cosa ;1843
think;θɪŋk;pensar;1391
think ;θɪŋk ;pensar ;1844
third;θɜrd;tercero;1392
this;(DZis)  (dis) ;	Este, esta, esto;810
this ;ðɪs ;este ;1845
those;(DZoUz)  (doUz) ;	Esos, esas, aquellos, aquellas;811
those ;ðoʊz ;esos ;1846
though;(zoot)  ;	Pensamiento;812
though ;ðoʊ ;aunque ;1847
thought;(DzoU)  (doU) ;	Aunque;813
thought ;θɔt ;pensamiento ;1848
thousand ;ˈθaʊzənd ;mil ;1849
thousands;ˈθaʊzəndz;miles;1393
thread;(ing-ed)  (zreed) ;	Hilo, hebra;814
three;θri;tres;1394
three ;θri ;tres ;1850
throat;(zróUt)  ;	Garganta;815
through;θru;a través de;1395
through ;θru ;a través de ;1851
throught;(zruu)  ;	A través de, por medio de;816
thumb;(zam)  ;	Pulgar, dedo pulgar ;817
thunder;(er-ing-ed)  (zándeR) ;	Trueno;818
thursday;(zéeRz-dEi)  ;	Jueves;819
thus;ðʌs;de este modo;1396
ticket;(tiquet)  ;	Boleto, rótulo, billete;820
tied;taɪd;atado;1397
tight;(tait)  ;	Apretado;821
till;(til)  ;	Hasta, hasta que;822
time;(taim)  ;	Tiempo;823
time ;taɪm ;tiempo ;1852
tin;(tin)  ;	Estaño, lata;824
tiny;ˈtaɪni;diminuto;1398
tired;(táiRed)  ;	Cansado, fatigado;825
to;(tuu)  ;	A, por, al, para;826
tocking;(stókinG)  ;	Media;761
today;təˈdeɪ;hoy;1399
together;(tugué-DZer) (tuguéd-eR) ; Dedo del pié ;827
together ;təˈɡɛðər ;juntos ;1853
told;toʊld;dijo;1400
told ;toʊld ;dijo ;1854
tomorrow;(tumóroU)  ;	Mañana;828
tone;toʊn;tono;1401
tongue;(tanG)  ;	Lengua;829
too;tu;también;1402
too ;tu ;demasiado ;1855
took;tʊk;tomó;1403
took ;tʊk ;tomó ;1856
tools;tulz;herramientas;1404
tooth;(tuuz)  ;	Diente;830
top;(top)  ;	Cima, cumbre;831
top ;tɑp ;top ;1857
tory;(stóori)  ;	Cuento, novela;766
total;ˈtoʊtəl;total;1405
touch;(ing-ed)  (tach) ;	Tacto, contacto, toqur;832
toward;təˈwɔrd;hacia;1406
toward ;təˈwɔrd ;hacia ;1858
towel ;ˈtaʊəl ;toalla ;1859
town;(taun)  ;	Ciudad;833
town ;taʊn ;ciudad ;1860
track;træk;pista;1407
trade;(r-trading-d)  (treid) ;Comercio, negocio;834
train;treeeiin;Tren;835
transport;treeiiinspoRt;Transporte;836
travel;ˈtrævəl;viajar;1408
travel ;ˈtrævəl ;viaje ;1861
travel ;ˈtrævəl ;viaje ;1862
tray;(trei)  ;	Bandeja;837
tree;(tríi)  ;	Arbol;838
tree ;tri ;árbol ;1863
triangle;ˈtraɪˌæŋɡəl;triángulo;1409
trick;(er-ing-ed)  (trik) ;	Artificio, engaño, burla ;839
trip;trɪp;viaje;1410
trouble;(r-troubling-d)  (trábEL); Dificultad, molestia, aflicción ;840
trousers;(tráuzerRz)  ;	Pantalones;841
truck;trʌk;camión;1411
true;(truu)  ;	Verdadero, sincero, verídico;842
try;traɪ;intentar;1412
try ;traɪ ;probar ;1864
tube;tub;tubo;1413
tuesday;(tiúuz-dEi)  ;	Martes;843
turn;(ing-ed)  t(éeRn) ;	Vuelta, giro;844
turn ;tɜrn ;girar ;1865
twist;(er-ing-ed) ( tuist) ; Torcedura;845
two;tu;dos;1414
type;taɪp;tipo;1415
umbrella;ambréla;Paraguas;846
uncle;ˈʌŋkəl;tío;1416
under;ándeR;	Bajo, ebajo, bajo de;847
under ;ˈʌndər ;bajo ;1866
underline;ˈʌndərˌlaɪn;subrayar;1417
understand;ˌʌndərˈstænd;entender;1418
unit;iúunit;	Unidad;848
unit ;ˈjunət ;unidad ;1867
until;ənˈtɪl;hasta;1419
until ;ənˈtɪl ;hasta ;1868
up;ap;	Arriba, en lo alto;849
up ;ʌp ;arriba ;1869
upon;əˈpɑn;al;1420
us;as;	Nos (a nosotros, a nosotras;850
us ;ʌs ;us ;1870
use;using-d;Uso;851
use ;juz ;utilizar ;1871
usual ;ˈjuʒəwəl ;habitual ;1872
usually;ˈjuʒəwəli;generalmente;1421
valley;ˈvæli;valle;1422
value;valuing-d;	Valor, precio;852
various;ˈvɛriəs;varios;1423
verb;vɜrb;verbo;1424
verse;veRs;	Verso;853
very;véri;	Muy;854
very ;ˈvɛri ;muy ;1873
vessel;vésEL;	Buque, vaso;855
view;viuu;	Vista, mirada, panorama;856
village;ˈvɪləʤ;aldea;1425
violent;váiolent;	Violento;857
visit;ˈvɪzət;visita;1426
voice;vois;	Voz;858
voice ;vɔɪs ;voz ;1874
vowel;ˈvaʊəl;vocal;1427
wait;weɪt;esperar;1428
wait ;weɪt ;esperar ;1875
waiter;weiteR;	Mozo, sirviente;859
waiting;weitinG;	Espera, esperand;860
walk;uuaaak;Paseo;861
walk ;wɔk ;caminar ;1876
wall;wool;	Muralla, pared;862
want;wɑnt;desear;1429
want ;wɑnt ;querer ;1877
war;wooR;	Guerra;863
war ;wɔr ;guerra ;1878
warm;wooRm;	Caliente, caluroso, ardient;864
warm ;wɔrm ;caliente ;1879
was;wʌz;era;1430
wash;uuaaash;Lavado, ropa lavada;865
Washington;ˈwɑʃɪŋtən;Washington;1431
wasn’t;ˈwɑzənt;no fue;1432
waste;r-wasting-d; Desperdicio, pérdida, basura;866
watch;uuaaach;	Reloj, centinela, guar;867
watch ;wɑʧ ;ver ;1880
water;uuaaadeR;Agua;868
water ;ˈwɔtər ;agua ;1881
wave;waving-ed;	Ola, onda, ondulación ;869
waves;weɪvz;ondas;1433
way;ueeey;	Camino, método, manera;870
way ;weɪ ;camino ;1882
we;wii;	Nosotros, nosotras Weather (wéDZeR;871
we ;wi ;nosotros ;1883
we’ll;wil;Bueno;1434
wear;wɛr;tener puesto;1435
weather;uueeedeR;Tiempo;872
week;wiik;	Semana;873
week ;wik ;semana ;1884
weight;ing-ed;Peso;874
well;wel;	Bien, pozo;875
well ;wɛl ;bien ;1885
went;wɛnt;fue;1436
went ;wɛnt ;fue ;1886
were;wɜr;eran;1437
were ;wɜr ;fueron ;1887
west;west;	Oeste;876
west ;wɛst ;oeste ;1888
western;ˈwɛstərn;occidental;1438
wet;wet;	Húmedo, mojado, humedad;877
what;juót;	Qué, cual, el que, la que;878
what ;wɑt ;qué ;1889
wheel;juil;	Rueda;879
wheel ;wil ;rueda ;1890
wheels;wilz;ruedas;1439
when;juen;	Cuando;880
when ;wɛn ;cuando ;1891
where;jueaR;	Donde;881
where ;wɛr ;dónde ;1892
whether;ˈwɛðər;si;1440
which;juich;	Qué, el cual, la cual, lo cual;882
which ;wɪʧ ;que ;1893
while;juail ;	Mientras, mientras que;883
while ;waɪl ;mientras ;1894
whip;juip;	Látigo, azote;884
whistle;juisEL;	Silbido, pito;885
white;juait;	Blanco;886
white ;waɪt ;blanco ;1895
who;juu;	Quien, el que, que;887
who ;hu ;que ;1896
whole;hoʊl;entero;1441
whole ;hoʊl ;todo ;1897
whom;juum;	A quien, a quienes;888
whose;juuz;	De quien, de quienes;889
why;waɪ;por qué;1442
why ;waɪ ;por qué ;1898
why?;juai;	¿por que?;890
wide;waid;	Ancho;891
wife;waɪf;esposa;1443
wild;waɪld;salvaje;1444
will;will;	Palabra para formar el futuro de los verbos;892
win;wɪn;ganar;1445
wind;wind;	Viento;893
wind ;wɪnd ;viento ;1899
window;windoU;	Ventana;894
wine;wain;	Vino;895
wing;winG;	Ala;896
wings;wɪŋz;alas;1446
winter;winteR;	Invierno;897
wire;wáiaR;	Alambre, hilo metálico;898
wise;waiz;	Sabio, ilustrado, erudito;899
wish;wɪʃ;desear;1447
with;wiDZ;Con;900
with ;wɪð ;con ;1900
within;wɪˈðɪn;dentro;1448
without;ueedaut;Sin;901
woman;uuooomen;Mujer;902
women;ˈwɪmən;mujer;1449
won’t;woʊnt;no;1450
wonder;ˈwʌndər;preguntarse;1451
wonder ;ˈwʌndər ;maravilla ;1901
wood;wud;	Madera, leña, bosque;903
wood ;wʊd ;madera ;1902
wool;wul;	Lana;904
word;wéeRd;	Palabra Work (er-ing-ed;905
word ;wɜrd ;palabra ;1903
work;uuooerk;Trabajo;906
work ;wɜrk ;trabajo ;1904
work ;wɜrk ;trabajo ;1905
workers;ˈwɜrkərz;trabajadores;1452
world;wɜrld;mundo;1453
world ;wɜrld ;mundo ;1906
worm;ueerm;Gusano;907
worse;wéeRs;	Peor, lo más malo, lo peor;908
worst;wéeRst;	Pésimo, lo más malo, lo peor;910
would;wʊd;haría;1454
would ;wʊd ;sería ;1907
wouldn’t;ˈwʊdənt;no lo haría;1455
write;raɪt;escribir;1456
write ;raɪt ;escribir ;1908
writer;ráiteR;	Escritor;909
writing;ráitinG;	Escribiendo, escritura, escrito;911
written;ˈrɪtən;escrito;1457
wrong;rong;	Equivocado, inexacto,erróneo, falso, mal;912
wrote;roʊt;escribió;1458
yard;jɑrd;patio;1459
year;yiAR;	Año;913
year ;jɪr ;año ;1909
yellow;yéloU;	Amarillo;914
yes;yes;	Si;915
yes ;jɛs ;si ;1910
yesterday;yésteRdEi;	Ayer;916
yet;jɛt;todavía;1460
yet ;jɛt ;sin embargo ;1911
you;yuu;	Usted, tú;917
you ;ju ;usted ;1912
you’re;jʊr;estás;1461
young;yang;	Joven;918
young ;jʌŋ ;joven ;1913
your;yuAR;	Su (de Ud, de Uds;919
your ;jʊər ;su,sus,tu,vuestro,vuestra,vuestras,vuestros;1914
yourself;jərˈsɛlf;tú mismo;1462
